{"data_len": 6369, "n_yes": 6044, "intercepts": [[0.1, 2.92160959174212], [0.099, 2.9216095917419747], [0.098, 2.9216095917419707], [0.097, 2.921609591741912], [0.096, 2.9216095917419604], [0.095, 2.9216095917419604], [0.094, 2.92160959174196], [0.093, 2.921609591741975], [0.092, 2.9216095917419613], [0.091, 2.9216095917419738], [0.09000000000000001, 2.921609591741934], [0.08900000000000001, 2.921609591741927], [0.08800000000000001, 2.92160959174212], [0.08700000000000001, 2.9216095917419684], [0.08600000000000001, 2.9216095917419738], [0.085, 2.921609591741966], [0.084, 2.9216095917419582], [0.083, 2.921609591741961], [0.082, 2.9216095917419604], [0.081, 2.921609591741962], [0.08, 2.921609591741975], [0.079, 2.92160959174196], [0.07800000000000001, 2.9216095917419564], [0.07700000000000001, 2.921609591741966], [0.07600000000000001, 2.921609591741959], [0.07500000000000001, 2.9216095917419596], [0.07400000000000001, 2.9216095917419462], [0.07300000000000001, 2.9216095917419507], [0.07200000000000001, 2.921609591741946], [0.07100000000000001, 2.921609591741958], [0.07, 2.9216095917419493], [0.069, 2.9216095917419502], [0.068, 2.9216095917419405], [0.067, 2.9216095917419502], [0.066, 2.921609591741946], [0.065, 2.9216095917419183], [0.064, 2.921609591741918], [0.063, 2.921609591741919], [0.062000000000000006, 2.9216095917419387], [0.061000000000000006, 2.9216095917419347], [0.060000000000000005, 2.921609591741932], [0.059000000000000004, 2.9216095917419342], [0.058, 2.921609591741955], [0.057, 2.9216095917419516], [0.05600000000000001, 2.9216095917419325], [0.05500000000000001, 2.9216095917419116], [0.054000000000000006, 2.9216095917419755], [0.053000000000000005, 2.9216095917419698], [0.052000000000000005, 2.921609591741975], [0.051000000000000004, 2.92160959174197], [0.05, 2.921609591742017], [0.049, 2.9216095917419334], [0.048, 2.9216095917419698], [0.04700000000000001, 2.9216095917419675], [0.046000000000000006, 2.921609591741937], [0.045000000000000005, 2.921609591741933], [0.044000000000000004, 2.9216095917419325], [0.043000000000000003, 2.9216095917420635], [0.042, 2.9216095917419245], [0.041, 2.921477115432496], [0.04000000000000001, 2.921461923282762], [0.03900000000000001, 2.9214456722925704], [0.038000000000000006, 2.9214285110401375], [0.037000000000000005, 2.9214104297905457], [0.036000000000000004, 2.921391418849681], [0.035, 2.9213714686191974], [0.034, 2.921351086665878], [0.033, 2.9213301390756157], [0.032, 2.946597234295787], [0.031, 2.968259734122397], [0.03, 2.994187026372744], [0.028999999999999998, 3.0187703519046427], [0.027999999999999997, 3.043913524087501], [0.02700000000000001, 3.0696429244381247], [0.02600000000000001, 3.0959906847443115], [0.02500000000000001, 3.1229848094354318], [0.024000000000000007, 3.150659642883117], [0.023000000000000007, 3.1790494689097226], [0.022000000000000006, 3.2081712603913375], [0.021000000000000005, 3.2380966798664153], [0.020000000000000004, 3.2684091403833233], [0.019000000000000003, 3.2788216348299657], [0.018000000000000002, 3.278503273984642], [0.017, 3.2783725028093182], [0.016, 3.2777939949802963], [0.015, 3.283916807366345], [0.013999999999999999, 3.297364485714324], [0.012999999999999998, 3.3036884545258443], [0.01200000000000001, 3.3096354137134827], [0.01100000000000001, 3.325062058347863], [0.010000000000000009, 3.336047215629366], [0.009000000000000008, 3.3470460233404244], [0.008000000000000007, 3.3584401935737023], [0.007000000000000006, 3.372801717958915], [0.006000000000000005, 3.405736117526881], [0.0050000000000000044, 3.3061018258639083], [0.0040000000000000036, 3.210679635582576], [0.0030000000000000027, 3.175220858861495], [0.0020000000000000018, 3.2040629076139555], [0.001, 3.478886652934538]], "rules": [{"pattern": "node:Y:own:upos=NOUN", "n_pattern_occurence": 601, "n_pattern_positive_occurence": 360, "decision": "no", "alpha": 0.032, "value": -0.22801552737177921, "coverage": 74.15384615384616, "precision": 40.099833610648915, "delta": -210.33192023865604, "g-statistic": 662.3965184960422, "p-value": 0.0, "cramers_phi": 1.0498367819390861}, {"pattern": "node:Y:own:rel_shallow=det,node:Y:own:upos=DET", "n_pattern_occurence": 3741, "n_pattern_positive_occurence": 3730, "decision": "yes", "alpha": 0.019000000000000003, "value": 0.030667006113113793, "coverage": 61.714096624751825, "precision": 99.70596097300188, "delta": 179.89731512011303, "g-statistic": 305.9760326454635, "p-value": 0.0, "cramers_phi": 0.2859893432913188}, {"pattern": "node:X:own:rel_shallow=comp:aux@tense", "n_pattern_occurence": 361, "n_pattern_positive_occurence": 206, "decision": "no", "alpha": 0.015, "value": -0.045096696434486105, "coverage": 47.69230769230769, "precision": 42.93628808864266, "delta": -136.57874077563196, "g-statistic": 450.72146587807737, "p-value": 0.0, "cramers_phi": 1.1173790388940412}, {"pattern": "node:Y:own:upos=DET", "n_pattern_occurence": 3743, "n_pattern_positive_occurence": 3732, "decision": "yes", "alpha": 0.015, "value": 0.03363044549571792, "coverage": 61.74718729318332, "precision": 99.7061180870959, "delta": 179.99937195792108, "g-statistic": 306.17376261864445, "p-value": 0.0, "cramers_phi": 0.2860052940377936}, {"pattern": "node:Y:own:rel_shallow=det", "n_pattern_occurence": 3741, "n_pattern_positive_occurence": 3730, "decision": "yes", "alpha": 0.007000000000000006, "value": 0.016096922948906855, "coverage": 61.714096624751825, "precision": 99.70596097300188, "delta": 179.89731512011303, "g-statistic": 305.9760326454635, "p-value": 0.0, "cramers_phi": 0.2859893432913188}, {"pattern": "node:X:own:upos=NOUN,node:Y:own:upos=NOUN", "n_pattern_occurence": 278, "n_pattern_positive_occurence": 166, "decision": "no", "alpha": 0.006000000000000005, "value": -0.14748642411469792, "coverage": 34.46153846153846, "precision": 40.28776978417266, "delta": -97.81409954466949, "g-statistic": 309.0387826907441, "p-value": 0.0, "cramers_phi": 1.0543482809056597}, {"pattern": "node:Y:own:rel_shallow=conj:coord", "n_pattern_occurence": 281, "n_pattern_positive_occurence": 190, "decision": "no", "alpha": 0.0050000000000000044, "value": -0.0655262788624672, "coverage": 28.000000000000004, "precision": 32.38434163701068, "delta": -76.6610142879573, "g-statistic": 207.51110307698193, "p-value": 0.0, "cramers_phi": 0.859344911214665}, {"pattern": "node:Y:own:rel_shallow=mod,node:Y:own:upos=ADJ", "n_pattern_occurence": 1383, "n_pattern_positive_occurence": 1376, "decision": "yes", "alpha": 0.0050000000000000044, "value": 0.23816132382332655, "coverage": 22.766379880873593, "precision": 99.4938539407086, "delta": 63.572303344324155, "g-statistic": 97.82523059364807, "p-value": 0.0, "cramers_phi": 0.2659587910191218}, {"pattern": "node:Y:own:rel_shallow=mod", "n_pattern_occurence": 1530, "n_pattern_positive_occurence": 1507, "decision": "yes", "alpha": 0.0040000000000000036, "value": 0.012887068079127983, "coverage": 24.933818663136993, "precision": 98.4967320261438, "delta": 55.07348092322195, "g-statistic": 55.99086161419019, "p-value": 7.283063041541027e-14, "cramers_phi": 0.19129907053710324}, {"pattern": "node:Y:own:rel_shallow=det,node:X:own:upos=NOUN", "n_pattern_occurence": 3466, "n_pattern_positive_occurence": 3458, "decision": "yes", "alpha": 0.0040000000000000036, "value": 0.0160155893285292, "coverage": 57.2137657180675, "precision": 99.76918638199653, "delta": 168.86449992149483, "g-statistic": 296.7187705285748, "p-value": 0.0, "cramers_phi": 0.2925891593925675}, {"pattern": "node:X:own:upos=NOUN,node:Y:own:upos=DET", "n_pattern_occurence": 3466, "n_pattern_positive_occurence": 3458, "decision": "yes", "alpha": 0.0040000000000000036, "value": 0.07913486860620766, "coverage": 57.2137657180675, "precision": 99.76918638199653, "delta": 168.86449992149483, "g-statistic": 296.7187705285748, "p-value": 0.0, "cramers_phi": 0.2925891593925675}, {"pattern": "node:X:own:upos=AUX", "n_pattern_occurence": 98, "n_pattern_positive_occurence": 57, "decision": "no",